faculty,department,utme_score,screening_score,olevel_passed,admitted,olevel_grades
Clinical Science,Medicine and Surgery,386,62.25,True,1,"C5, C4, C4, B1, C5"
Arts,Creative Arts: Music,135,35.88,True,0,"C4, C5, C1, C5, A1"
Science,Chemistry,140,38.5,True,0,"C2, B3, C4, C2, C1"
Arts,Philosophy,140,45.5,True,0,"B2, C2, B2, C3, B2"
Engineering,Aeronautical and Astronautical Engineering,195,58.38,True,1,"B2, C3, A1, B1, B3"
Management Sciences,Accounting,332,76.5,True,1,"C3, A1, A1, C4, A1"
Social Sciences,Criminology,370,74.25,True,1,"C1, C1, B3, C2, B1"
Social Sciences,Economics,232,43.0,True,0,"B3, C2, C4, C5, C5"
Arts,English Language,301,56.62,False,0,"B1, C3, B2, C6, C5"
Clinical Science,Dentistry,330,48.25,False,0,"C6, C4, C5, C2, C6"
Law,Legal Studies,225,71.12,True,1,"B2, A1, B1, A1, B1"
Arts,Creative Arts: Visual,354,82.25,False,0,"A1, A1, B1, C6, A1"
Engineering,Electronic and Computer Engineering,191,50.88,True,0,"C1, A1, C3, B3, C3"
Science,Fisheries,257,40.12,False,0,"C4, C6, C5, C1, C6"
Social Sciences,Geography and Planning,265,60.12,False,0,"C6, B3, A1, A1, C5"
Social Sciences,Geography and Planning,292,64.5,True,1,"C2, B2, B1, B3, C3"
Arts,Foreign Languages,244,44.5,True,0,"C4, C5, B2, C3, C5"
Law,Legal Studies,282,52.25,False,0,"C6, C1, C3, B1, C5"
Social Sciences,Economics,365,72.62,False,0,"B3, A1, C5, C6, A1"
Clinical Science,Dentistry,335,71.88,True,1,"C5, C1, B3, B1, A1"
Management Sciences,Insurance,382,83.75,True,1,"C5, A1, B2, B1, A1"
Clinical Science,Dentistry,334,60.75,True,1,"C4, C1, B3, C5, C1"
Engineering,Industrial Engineering,277,61.62,False,0,"C6, B1, C1, B2, B2"
Clinical Science,Medicine and Surgery,389,66.62,False,0,"C4, B2, B2, C6, C4"
Arts,English Literature,143,47.88,False,0,"B3, B1, B1, B1, C6"
Engineering,Industrial Engineering,210,52.25,False,0,"C6, B3, B1, C1, B2"
Arts,Foreign Languages,253,49.62,True,0,"B3, C5, C4, B2, C4"
Social Sciences,Social Work,383,74.88,True,1,"C4, C3, A1, B1, C2"
Arts,English Language,219,52.38,True,1,"A1, B3, C1, C4, C4"
Social Sciences,Public Affairs,229,54.62,False,0,"C5, C6, B2, B1, A1"
Clinical Science,Medicine and Surgery,174,53.75,True,0,"B1, B1, B1, C5, B2"
Arts,Creative Arts: Music,192,52.0,True,0,"B3, C1, C2, B1, C1"
Clinical Science,Nursing,382,57.75,False,0,"C1, C6, C4, C4, C5"
Law,Private and Property Law,351,63.88,True,1,"A1, C2, C4, C5, C3"
Social Sciences,Social Work,345,66.12,False,0,"A1, C4, C3, B1, C6"
Social Sciences,Criminology,186,53.25,True,0,"A1, C2, C1, B3, C1"
Law,Commercial and Industrial Law,259,43.38,False,0,"C3, C5, B3, C5, C6"
Arts,History and International studies,344,60.0,False,0,"C4, C1, B3, C6, C2"
Law,Private and Property Law,345,66.12,False,0,"C6, C5, A1, C2, B1"
Science,Mathematics,328,77.0,True,1,"C4, A1, B2, A1, B2"
Arts,English Literature,393,66.12,False,0,"B3, C5, C3, B2, C6"
Engineering,Mechanical Engineering,348,64.5,True,1,"C1, B3, B1, C5, C5"
Management Sciences,Project Management,255,63.88,True,1,"B1, B3, B1, B3, C2"
Management Sciences,Marketing,291,52.38,True,1,"C3, C4, C1, C4, C2"
Arts,English Literature,124,41.5,False,0,"A1, B3, C2, B3, C6"
Science,Botany,205,49.62,False,0,"C5, B1, A1, C1, C6"
Science,Physics,261,59.62,False,0,"A1, B1, B1, C5, C6"
Law,Private and Property Law,173,37.62,True,0,"B3, B3, C5, C5, C4"
Social Sciences,Political Science,246,53.75,False,0,"C5, B2, A1, C1, C6"
Science,Physics,362,73.25,True,1,"B2, C4, C2, B1, B2"
Law,Islamic Law,153,35.12,False,0,"C4, C3, C6, B2, C2"
Management Sciences,Project Management,353,64.12,False,0,"B3, C6, B1, C3, C3"
Science,Physics,166,34.75,True,0,"C1, C2, C4, C4, C5"
Social Sciences,Political Science,249,62.12,True,1,"B1, B3, C1, C4, A1"
Clinical Science,Medicine and Surgery,133,36.62,True,0,"C5, B2, C3, C2, C1"
Social Sciences,Criminology,135,54.88,True,0,"C2, A1, A1, B2, B2"
Science,Physics,361,84.12,True,1,"A1, C5, B1, A1, A1"
Science,Fisheries,342,71.75,False,0,"C6, A1, A1, B1, C5"
Arts,Creative Arts: Visual,382,70.75,True,1,"B3, C4, C1, B2, C3"
Management Sciences,Marketing,377,62.12,False,0,"B1, C6, C3, C4, C4"
Social Sciences,Social Work,246,53.75,True,1,"B2, C4, C1, C3, B3"
Science,Mathematics,392,68.0,False,0,"C6, B1, C4, C1, C2"
Management Sciences,Industrial Relations,191,37.88,False,0,"B2, C3, C5, C3, C6"
Arts,Foreign Languages,303,69.88,True,1,"C1, B2, B3, B3, B1"
Law,Legal Studies,157,41.62,True,0,"B1, C5, C2, B2, C4"
Arts,Philosophy,360,77.0,True,1,"B1, B2, C1, C2, B1"
Engineering,Chemical and Polymer Engineering,124,46.5,True,0,"B3, A1, C2, B2, C2"
Arts,Foreign Languages,340,54.5,False,0,"C2, C6, B3, C5, C5"
Clinical Science,Medicine and Surgery,356,61.5,False,0,"C2, C5, C6, A1, C4"
Law,Islamic Law,211,53.38,True,1,"B2, C5, C1, A1, C2"
Arts,Linguistics,334,65.75,True,1,"C5, C4, A1, B1, C3"
Arts,Creative Arts: Visual,174,38.75,True,0,"C3, B3, C3, C2, C5"
Clinical Science,Pharmacology,289,65.12,True,1,"C1, C3, B1, C3, A1"
Engineering,Mechanical Engineering,336,60.0,True,1,"C1, C5, C1, C3, C2"
Arts,English Literature,147,38.38,True,0,"C1, C3, C1, C5, B3"
Science,Chemistry,378,70.25,True,1,"C3, C3, A1, C1, C4"
Engineering,Electronic and Computer Engineering,278,55.75,False,0,"A1, C2, B3, C6, C5"
Law,Jurisprudence and International Law,220,47.5,True,0,"C3, C4, C5, B3, B1"
Law,Islamic Law,201,51.12,True,1,"A1, C2, C5, C2, B2"
Engineering,Industrial Engineering,278,75.75,True,1,"A1, A1, B1, B1, C1"
Engineering,Mechanical Engineering,177,43.12,False,0,"C6, B3, C1, C6, A1"
Engineering,Chemical and Polymer Engineering,163,44.38,True,0,"C2, B2, C2, B1, C5"
Management Sciences,Accounting,304,62.0,True,1,"B2, C2, C1, C3, C1"
Science,Physics,190,52.75,True,0,"A1, C5, A1, C4, B3"
Arts,English Literature,316,66.5,True,1,"C2, B3, B3, A1, C5"
Social Sciences,Sociology,245,48.62,False,0,"A1, C6, C4, B3, C6"
Science,Botany,270,58.75,True,1,"B1, C1, B1, C4, C4"
Science,Botany,357,62.62,True,1,"C5, B1, C2, C3, C4"
Engineering,Mechanical Engineering,284,47.5,False,0,"B3, C4, C2, C6, C6"
Engineering,Chemical and Polymer Engineering,190,54.75,True,0,"C4, B1, A1, B1, C3"
Arts,English Language,269,51.62,False,0,"C6, C2, C4, C2, B1"
Arts,History and International studies,256,63.0,True,1,"B2, B3, C1, B1, C1"
Clinical Science,Dentistry,156,37.5,False,0,"B3, C4, B1, C6, C4"
Social Sciences,Geography and Planning,353,72.12,True,1,"B1, C2, B1, B3, C4"
Management Sciences,Insurance,197,47.62,True,0,"C3, C2, A1, C2, C4"
Science,Physics,232,58.0,True,1,"B2, C5, A1, B1, C3"
Engineering,Electronic and Computer Engineering,168,41.0,False,0,"C3, C2, B3, C6, B2"
Arts,History and International studies,379,67.38,True,1,"C5, C5, B1, C1, C1"
Arts,Creative Arts: Visual,276,47.5,False,0,"C6, C5, A1, C5, C5"
Management Sciences,Accounting,258,48.25,True,0,"C5, C5, C3, B1, C3"
Science,Zoology,299,68.38,True,1,"C1, A1, C1, A1, C5"
Clinical Science,Medicine and Surgery,372,71.5,True,1,"B1, C2, B1, C5, C2"
Science,Physics,140,38.5,False,0,"C4, B2, C6, A1, C4"
Law,Legal Studies,202,44.25,True,0,"C4, A1, C4, C2, C5"
Arts,Linguistics,128,47.0,True,0,"B3, C1, C1, C1, A1"
Arts,Creative Arts: Theatre,179,47.38,False,0,"B2, C3, C6, B2, B1"
Social Sciences,Economics,159,37.88,True,0,"C4, B3, C5, B2, C4"
Engineering,Mechanical Engineering,206,48.75,False,0,"B1, C6, C5, B1, B3"
Science,Computer Science,213,65.62,True,1,"B2, A1, A1, C2, B1"
Clinical Science,Dentistry,225,44.12,False,0,"C3, C4, A1, C5, C6"
Management Sciences,Industrial Relations,270,51.75,False,0,"B1, C6, C3, C3, C2"
Law,Islamic Law,294,71.75,True,1,"B3, B3, A1, A1, C3"
Engineering,Mechanical Engineering,236,55.5,True,1,"C4, C1, B1, C5, A1"
Law,Islamic Law,260,54.5,True,1,"C1, B1, C3, C5, C1"
Engineering,Aeronautical and Astronautical Engineering,346,63.25,True,1,"C5, B2, C4, B2, C3"
Engineering,Chemical and Polymer Engineering,314,55.25,False,0,"C5, C4, B3, B2, C6"
Clinical Science,Dentistry,347,51.38,False,0,"C3, C2, C6, C5, C6"
Clinical Science,Medicine and Surgery,297,62.12,False,0,"B1, B2, B3, C6, C2"
Science,Microbiology,257,58.12,False,0,"C6, C1, B1, B1, C1"
Engineering,Mechanical Engineering,258,60.25,False,0,"B1, C6, B2, B3, B2"
Social Sciences,Sociology,170,53.25,True,0,"A1, B1, C4, B1, C2"
Law,Public Law,124,44.5,True,0,"B2, C2, B1, C1, C1"
Management Sciences,Marketing,330,61.25,False,0,"B3, C6, C3, B2, C2"
Science,Physics,128,29.0,False,0,"C1, C1, C5, C4, C6"
Arts,Creative Arts: Music,238,48.75,False,0,"C6, C6, B1, B2, C2"
Engineering,Industrial Engineering,341,66.62,False,0,"B2, C2, C6, B3, B2"
Management Sciences,Project Management,345,77.12,True,1,"C2, B1, A1, B1, C2"
Arts,History and International studies,384,78.0,True,1,"B2, B1, C4, A1, C3"
Law,Public Law,395,80.38,True,1,"A1, C4, C3, A1, B3"
Management Sciences,Banking and Finance,259,47.38,False,0,"C6, C1, C3, B3, C5"
Social Sciences,Psychology,343,66.88,False,0,"C5, B1, B2, C6, B1"
Social Sciences,Public Affairs,159,36.88,False,0,"C6, C2, B1, C4, C3"
Engineering,Aeronautical and Astronautical Engineering,162,40.25,False,0,"C2, C2, B2, C6, C1"
Arts,Creative Arts: Theatre,284,60.5,True,1,"C5, B1, C2, C4, A1"
Clinical Science,Pharmacology,369,76.12,True,1,"C2, B3, B1, B2, C1"
Science,Fisheries,191,37.88,False,0,"C4, B2, C6, C5, C2"
Science,Computer Science,235,52.38,False,0,"C6, A1, B3, C4, C1"
Science,Chemistry,129,22.12,False,0,"C6, C5, C2, C5, C6"
Clinical Science,Nursing,287,63.88,False,0,"C6, B2, B2, B3, B1"
Science,Microbiology,176,52.0,True,0,"C1, B3, B1, B2, C2"
Management Sciences,Banking and Finance,139,38.38,False,0,"B1, C1, C4, B3, C6"
Social Sciences,Social Work,311,59.88,False,0,"C2, B3, C6, C2, B2"
Management Sciences,Public Administration,145,38.12,False,0,"B3, C3, B1, C3, C6"
Arts,Creative Arts: Music,153,37.12,True,0,"B2, C5, C3, C1, C4"
Arts,History and International studies,269,59.62,True,1,"B1, C2, C4, B2, C1"
Science,Fisheries,277,56.62,True,1,"C5, B2, C5, C3, A1"
Science,Mathematics,128,27.0,False,0,"C6, C6, B3, C4, C3"
Arts,English Literature,375,77.88,True,1,"C3, C4, A1, B3, A1"
Clinical Science,Pharmacology,227,53.38,True,1,"C2, C1, C5, B1, B2"
Law,Private and Property Law,188,42.5,False,0,"B3, B2, C6, C6, B3"
Social Sciences,Public Affairs,340,61.5,False,0,"C6, C1, C1, B1, C5"
Engineering,Chemical and Polymer Engineering,281,65.12,True,1,"C3, C3, B3, A1, B1"
Law,Legal Studies,126,40.75,True,0,"B3, B2, C5, C5, A1"
Social Sciences,Sociology,321,65.12,False,0,"B3, C1, C6, B2, B2"
Science,Microbiology,343,58.88,False,0,"C6, C4, B1, C3, C3"
Clinical Science,Nursing,326,60.75,False,0,"B3, C1, C1, C6, C2"
Law,Legal Studies,151,35.88,False,0,"C4, C2, C6, A1, C5"
Management Sciences,Banking and Finance,156,37.5,False,0,"B3, C3, C3, C6, B3"
Arts,Philosophy,179,45.38,False,0,"C6, B3, C4, A1, C1"
Social Sciences,Psychology,365,72.62,True,1,"A1, C5, A1, C2, C4"
Management Sciences,Accounting,215,50.88,True,1,"B3, C1, C1, C4, B3"
Science,Mathematics,161,37.12,False,0,"C3, C5, C3, A1, C6"
Clinical Science,Nursing,136,23.0,False,0,"C5, C4, C6, C6, C3"
Arts,Creative Arts: Music,174,49.75,True,0,"C5, B2, A1, C2, B3"
Clinical Science,Nursing,132,34.5,False,0,"B3, C6, C1, C5, B3"
Law,Jurisprudence and International Law,231,53.88,True,1,"B3, C4, B2, B2, C3"
Management Sciences,Project Management,133,39.62,True,0,"C3, A1, C2, C2, C4"
Social Sciences,Social Work,155,38.38,True,0,"C3, C2, C5, B3, C1"
Science,Fisheries,134,42.75,True,0,"B2, C5, B1, B3, C2"
Management Sciences,Business Administration,313,59.12,False,0,"C5, C2, C1, C6, A1"
Management Sciences,Public Administration,327,64.88,False,0,"B2, C6, B1, B2, C4"
Management Sciences,Public Administration,237,62.62,True,1,"B2, B3, A1, C3, B2"
Social Sciences,Sociology,239,66.88,True,1,"C1, C2, A1, B1, A1"
Management Sciences,Public Administration,262,60.75,False,0,"C6, A1, B1, B2, C3"
Clinical Science,Medicine and Surgery,338,62.25,True,1,"C4, B1, C5, C2, C1"
Law,Commercial and Industrial Law,148,41.5,False,0,"C2, C3, B1, C6, B1"
Arts,Philosophy,337,65.12,True,1,"C1, C1, C3, C2, B3"
Engineering,Aeronautical and Astronautical Engineering,300,58.5,True,1,"B2, B2, C5, C4, C2"
Arts,Creative Arts: Music,188,68.5,True,0,"A1, A1, B1, B2, A1"
Science,Mathematics,354,70.25,True,1,"B3, B3, B3, B3, C4"
Engineering,Aeronautical and Astronautical Engineering,306,44.25,False,0,"C6, C4, C6, C3, C5"
Law,Commercial and Industrial Law,266,52.25,False,0,"A1, B3, C5, C4, C6"
Law,Legal Studies,297,63.12,False,0,"C6, A1, C2, C2, B1"
Arts,Creative Arts: Theatre,363,79.38,True,1,"B1, C4, B1, A1, B3"
Arts,Foreign Languages,145,30.12,False,0,"B3, C6, C5, C5, C2"
Clinical Science,Medicine and Surgery,259,55.38,False,0,"C3, C2, A1, C6, B3"
Science,Computer Science,252,53.5,True,1,"C1, C2, C5, B3, B3"
Science,Chemistry,265,43.12,False,0,"B3, C4, C5, C5, C6"
Social Sciences,Transport Planning,381,73.62,True,1,"A1, C4, B3, C1, C3"
Social Sciences,Sociology,208,54.0,True,1,"C3, C4, A1, C3, A1"
Engineering,Aeronautical and Astronautical Engineering,289,58.12,True,1,"C3, C2, C4, B3, B2"
Arts,Linguistics,385,79.12,True,1,"A1, C5, C4, A1, B1"
Law,Jurisprudence and International Law,349,63.62,True,1,"C3, C5, B3, B3, C2"
Management Sciences,Banking and Finance,253,60.62,True,1,"A1, C3, C2, C2, B1"
Social Sciences,Psychology,162,40.25,True,0,"C2, B2, C4, C5, B3"
Engineering,Civil Engineering,207,51.88,True,1,"C4, A1, C3, C1, B3"
Science,Fisheries,176,41.0,False,0,"B3, B2, C6, C6, B3"
Social Sciences,Transport Planning,400,77.0,True,1,"C5, A1, B3, B2, C3"
Social Sciences,Transport Planning,156,38.5,True,0,"C4, C1, B3, C2, C4"
Engineering,Civil Engineering,337,57.12,False,0,"C1, C6, B3, C4, C4"
Engineering,Aeronautical and Astronautical Engineering,317,61.62,False,0,"B1, C2, C2, B3, C6"
Arts,Foreign Languages,319,62.88,False,0,"C2, C6, B3, B3, B2"
Science,Chemistry,186,54.25,True,0,"B3, C2, C1, A1, B3"
Science,Botany,280,64.0,True,1,"C5, B3, C1, A1, B2"
Arts,English Language,281,67.12,True,1,"A1, B3, B1, C1, C3"
Clinical Science,Nursing,220,45.5,False,0,"C5, C6, B2, B2, C3"
Social Sciences,Psychology,252,50.5,True,1,"C5, C3, B3, B2, C4"
Management Sciences,Marketing,205,43.62,False,0,"C5, B2, A1, C6, C6"
Science,Computer Science,299,68.38,True,1,"A1, C2, B1, B2, C4"
Clinical Science,Dentistry,345,73.12,True,1,"C2, C2, C2, B1, A1"
Engineering,Mechanical Engineering,330,71.25,False,0,"C6, C2, A1, A1, B3"
Science,Computer Science,208,60.0,True,1,"B1, A1, B1, B3, C4"
Law,Commercial and Industrial Law,303,60.88,False,0,"B2, A1, C1, C6, C5"
Science,Fisheries,352,56.0,False,0,"B2, C5, C6, C6, C2"
Science,Botany,277,51.62,True,1,"C4, C5, C3, C1, B3"
Management Sciences,Banking and Finance,322,75.25,True,1,"B2, C3, B1, B2, A1"
Social Sciences,Sociology,292,62.5,True,1,"A1, C1, C5, B1, C4"
Clinical Science,Medicine and Surgery,184,60.0,True,0,"A1, C2, B2, A1, B3"
Science,Microbiology,261,56.62,True,1,"C2, C3, B1, B1, C5"
Science,Fisheries,212,43.5,False,0,"C6, C5, B2, C1, C2"
Management Sciences,Banking and Finance,263,52.88,False,0,"B3, C6, C3, C1, B3"
Management Sciences,Business Administration,143,55.88,True,0,"B1, B1, C2, B1, A1"
Clinical Science,Nursing,216,49.0,False,0,"B1, C6, C6, C2, A1"
Social Sciences,Psychology,246,47.75,True,0,"C4, C1, C5, B3, C3"
Management Sciences,Insurance,245,51.62,False,0,"B1, C5, C2, C6, B1"
Engineering,Electronic and Computer Engineering,130,45.25,True,0,"A1, C5, B2, B1, C3"
Management Sciences,Industrial Relations,186,42.25,True,0,"C1, B3, C5, C1, C4"
Engineering,Aeronautical and Astronautical Engineering,202,52.25,True,1,"B1, C1, B2, C5, B3"
Arts,Linguistics,200,47.0,True,0,"C5, B2, C1, C1, C2"
Clinical Science,Nursing,244,51.5,True,1,"C2, B2, C4, C2, C2"
Social Sciences,Economics,296,74.0,True,1,"A1, C2, B2, B3, A1"
Law,Public Law,380,60.5,False,0,"C4, C1, C4, C6, C2"
Engineering,Chemical and Polymer Engineering,239,53.88,False,0,"C6, B2, C5, B3, A1"
Engineering,Mechanical Engineering,365,67.62,False,0,"C1, B1, B3, C6, C3"
Social Sciences,Economics,167,39.88,False,0,"C2, B3, C2, C6, C1"
Arts,Creative Arts: Theatre,243,55.38,False,0,"B1, C5, C6, B3, A1"
Social Sciences,Geography and Planning,338,76.25,True,1,"B2, B1, C4, B2, A1"
Arts,English Literature,146,43.25,False,0,"C1, C4, C6, A1, B1"
Social Sciences,Economics,269,52.62,False,0,"C6, C5, C2, C2, A1"
Arts,Creative Arts: Theatre,144,45.0,False,0,"C3, B1, A1, C6, B3"
Science,Computer Science,212,50.5,True,1,"B2, C5, B3, C1, C1"
Law,Islamic Law,172,38.5,False,0,"A1, C6, C6, C2, C3"
Social Sciences,Sociology,152,36.0,False,0,"C2, B2, C6, C6, B3"
Management Sciences,Business Administration,376,69.0,False,0,"C4, C6, C1, C1, A1"
Science,Mathematics,375,72.88,True,1,"B2, C3, C3, B3, B2"
Arts,Creative Arts: Theatre,148,33.5,False,0,"C4, C6, C5, C4, A1"
Law,Islamic Law,223,58.88,True,1,"C3, B1, A1, C1, C1"
Social Sciences,Criminology,320,63.0,True,1,"C4, C3, C2, B2, B2"
Arts,Linguistics,253,47.62,False,0,"C6, C2, B1, C6, C2"
Engineering,Chemical and Polymer Engineering,350,64.75,True,1,"B2, C5, C4, B2, C2"
Arts,Creative Arts: Theatre,394,64.25,False,0,"C6, C6, C1, B1, C4"
Law,Public Law,244,54.5,False,0,"B1, C2, C1, C6, B2"
Clinical Science,Pharmacology,361,71.12,False,0,"B2, C4, A1, C6, B2"
Management Sciences,Industrial Relations,270,52.75,False,0,"C5, C6, C4, B3, A1"
Law,Islamic Law,373,79.62,True,1,"C1, C3, C1, A1, A1"
Science,Chemistry,226,47.25,False,0,"C6, B3, C4, B1, C3"
Clinical Science,Pharmacology,120,46.0,True,0,"B1, C5, B2, B2, B1"
Science,Computer Science,239,45.88,False,0,"C6, C1, B1, C3, C6"
Clinical Science,Dentistry,384,77.0,True,1,"B3, C2, C2, A1, C1"
Engineering,Electronic and Computer Engineering,178,47.25,False,0,"B3, B1, B3, C6, C1"
Arts,Creative Arts: Theatre,128,34.0,True,0,"B3, C5, C2, B3, C5"
Clinical Science,Medicine and Surgery,181,47.62,True,0,"B3, C2, B1, B3, C5"
Arts,Creative Arts: Music,197,46.62,True,0,"B1, C5, B3, C4, C1"
Clinical Science,Nursing,280,64.0,True,1,"B2, B1, C2, C3, B2"
Arts,English Language,260,71.5,True,1,"B2, B2, A1, A1, C1"
Engineering,Mechanical Engineering,195,34.38,False,0,"C6, C6, C1, C3, C4"
Engineering,Mechanical Engineering,284,54.5,True,1,"C1, B3, C3, C4, C3"
Arts,English Literature,354,69.25,True,1,"C2, C1, B1, C1, C3"
Law,Islamic Law,364,70.5,True,1,"C3, B3, C4, B3, B1"
Law,Jurisprudence and International Law,267,49.38,True,0,"C5, C5, C3, B3, C1"
Engineering,Civil Engineering,191,54.88,False,0,"B1, A1, C1, B1, C6"
Management Sciences,Banking and Finance,391,83.88,True,1,"B1, B2, B1, C4, A1"
Clinical Science,Medicine and Surgery,310,65.75,False,0,"C6, B1, B2, C4, A1"
Engineering,Chemical and Polymer Engineering,124,32.5,True,0,"C5, C2, C2, C2, C2"
Engineering,Mechanical Engineering,376,60.0,False,0,"B3, C4, C3, C6, C4"
Arts,English Language,138,62.25,True,0,"A1, A1, B1, A1, B2"
Clinical Science,Medicine and Surgery,366,72.75,True,1,"C3, B1, C1, C1, B3"
Science,Zoology,376,67.0,False,0,"C1, B3, C3, C6, B3"
Social Sciences,Social Work,185,38.12,False,0,"C5, B1, C4, C6, C2"
Clinical Science,Pharmacology,263,59.88,True,1,"B2, A1, C3, B3, C5"
Clinical Science,Medicine and Surgery,320,65.0,False,0,"C6, C1, A1, C1, C1"
Social Sciences,Public Affairs,354,70.25,False,0,"A1, C2, B3, B3, C6"
Engineering,Civil Engineering,228,47.5,False,0,"C1, C6, B1, C4, C2"
Arts,Creative Arts: Visual,354,71.25,True,1,"C4, C1, A1, B2, C3"
Arts,English Language,152,48.0,False,0,"C1, A1, C2, A1, C6"
Engineering,Chemical and Polymer Engineering,260,54.5,True,1,"C4, C4, B3, C2, B1"
Clinical Science,Nursing,207,52.88,True,1,"C4, B3, C3, B1, B1"
Social Sciences,Political Science,233,65.12,True,1,"B2, C1, A1, C2, A1"
Law,Commercial and Industrial Law,175,48.88,True,0,"B2, B2, C3, B1, C4"
Clinical Science,Nursing,344,88.0,True,1,"A1, A1, A1, B2, B1"
Social Sciences,Sociology,257,59.12,True,1,"B3, B3, B3, C1, C2"
Law,Islamic Law,138,40.25,True,0,"C1, C1, B3, C4, C1"
Social Sciences,Social Work,279,60.88,True,1,"B2, C4, C3, B2, B2"
Arts,English Literature,242,55.25,True,1,"C3, C4, C3, B2, A1"
Engineering,Electronic and Computer Engineering,357,59.62,False,0,"A1, C4, C6, C5, C4"
Engineering,Electronic and Computer Engineering,224,59.0,True,1,"C2, A1, C1, C4, A1"
Management Sciences,Accounting,245,52.62,False,0,"B1, C1, C6, B2, C4"
Social Sciences,Transport Planning,154,54.25,True,0,"A1, B1, C2, B2, B3"
Arts,Linguistics,335,68.88,True,1,"A1, C3, B2, C4, C1"
Social Sciences,Public Affairs,232,54.0,True,1,"B1, C4, C1, B3, C2"
Engineering,Electronic and Computer Engineering,313,53.12,False,0,"C5, C5, B1, C2, C6"
Management Sciences,Banking and Finance,361,73.12,True,1,"B1, C3, B1, C4, B2"
Clinical Science,Medicine and Surgery,314,73.25,True,1,"A1, A1, C4, B1, C2"
Engineering,Civil Engineering,396,61.5,False,0,"C4, C6, C5, B2, C4"
Arts,Creative Arts: Music,301,54.62,False,0,"C2, B1, C5, C2, C6"
Science,Computer Science,126,37.75,False,0,"A1, C2, C6, C4, B3"
Law,Legal Studies,254,59.75,False,0,"B1, A1, C6, B3, C2"
Law,Public Law,254,55.75,False,0,"B1, C1, B1, C6, C3"
Engineering,Industrial Engineering,298,58.25,False,0,"B3, B2, B2, C6, C5"
Arts,Linguistics,310,74.75,True,1,"B2, B1, C3, B1, A1"
Management Sciences,Business Administration,311,67.88,True,1,"C1, B3, B1, B1, C4"
Clinical Science,Pharmacology,323,57.38,False,0,"C3, C5, C6, A1, C3"
Clinical Science,Medicine and Surgery,174,30.75,False,0,"C6, C6, C6, B1, C5"
Engineering,Mechanical Engineering,383,78.88,False,0,"C6, B1, B1, A1, C1"
Engineering,Industrial Engineering,207,43.88,False,0,"C6, C3, C6, C1, A1"
Management Sciences,Marketing,320,75.0,True,1,"B2, A1, A1, C5, B2"
Management Sciences,Banking and Finance,198,58.75,True,1,"B1, A1, C1, B3, C1"
Management Sciences,Business Administration,318,66.75,True,1,"C1, B1, C3, A1, C5"
Law,Jurisprudence and International Law,270,59.75,True,1,"A1, C3, C4, B3, C1"
Law,Commercial and Industrial Law,271,64.88,True,1,"B2, B3, B1, B3, C2"
Law,Commercial and Industrial Law,176,54.0,True,0,"B1, B1, A1, C1, C5"
Arts,English Literature,253,64.62,True,1,"B3, B1, C3, B1, B1"
Social Sciences,Economics,132,29.5,False,0,"C4, C4, C5, C6, B1"
Management Sciences,Banking and Finance,193,60.12,True,0,"A1, C2, B3, B3, A1"
Management Sciences,Accounting,246,46.75,False,0,"C6, C6, B1, C1, C3"
Clinical Science,Medicine and Surgery,255,49.88,False,0,"B3, C1, C6, C6, B2"
Clinical Science,Pharmacology,129,44.12,True,0,"C2, C1, A1, C2, C1"
Science,Chemistry,208,47.0,True,0,"C5, C5, A1, C4, B2"
Arts,Philosophy,153,50.12,True,0,"B3, C5, B2, B2, A1"
Law,Private and Property Law,275,71.38,True,1,"C3, B2, B2, A1, A1"
Arts,Creative Arts: Visual,252,44.5,False,0,"C5, C5, C2, B2, C6"
Management Sciences,Business Administration,362,76.25,True,1,"C1, B3, B3, B1, B3"
Social Sciences,Psychology,387,71.38,True,1,"B2, C4, B3, C1, C3"
Management Sciences,Banking and Finance,188,40.5,True,0,"C2, C5, C1, C4, C1"
Law,Public Law,264,63.0,True,1,"A1, B3, C3, A1, C5"
Social Sciences,Transport Planning,289,57.12,True,1,"C1, B3, C5, C2, C1"
Engineering,Chemical and Polymer Engineering,221,61.62,True,1,"C4, A1, A1, B2, C1"
Social Sciences,Political Science,326,54.75,False,0,"C5, B3, C6, B3, C5"
Clinical Science,Nursing,155,33.38,False,0,"C6, C4, C2, C2, C2"
Social Sciences,Criminology,384,88.0,True,1,"A1, B2, B3, B2, A1"
Arts,English Literature,327,54.88,True,1,"C5, C1, C2, C5, C3"
Social Sciences,Economics,287,66.88,True,1,"B1, B1, B3, C1, C2"
Engineering,Civil Engineering,195,46.38,False,0,"C4, C1, C6, C1, A1"
Clinical Science,Medicine and Surgery,316,55.5,True,1,"C2, C4, C5, C4, B2"
Social Sciences,Transport Planning,199,38.88,False,0,"C1, C5, B3, C4, C6"
Engineering,Mechanical Engineering,207,46.88,True,0,"C2, B2, C4, C1, C3"
Clinical Science,Dentistry,127,35.88,False,0,"C6, C2, B2, C1, C2"
Social Sciences,Economics,260,63.5,True,1,"B3, B1, B1, C3, B3"
Clinical Science,Nursing,123,34.38,False,0,"C5, C6, B2, A1, C5"
Arts,Linguistics,235,50.38,False,0,"C3, B3, B3, B3, C6"
Science,Botany,251,58.38,True,1,"C5, A1, C1, A1, C5"
Clinical Science,Nursing,262,46.75,False,0,"B2, C6, C1, C5, C5"
Engineering,Electronic and Computer Engineering,375,78.88,True,1,"A1, B2, B3, B1, C5"
Arts,Creative Arts: Visual,145,50.12,True,0,"B1, A1, B3, C5, B2"
Management Sciences,Project Management,230,52.75,False,0,"C6, A1, C1, B3, C3"
Social Sciences,Sociology,323,59.38,True,1,"B3, C5, C5, C3, B1"
Arts,English Language,350,72.75,False,0,"C1, B3, C6, B1, A1"
Arts,History and International studies,197,50.62,True,1,"C3, C2, C1, B3, B1"
Engineering,Industrial Engineering,164,41.5,True,0,"C5, C3, C3, C2, A1"
Arts,Creative Arts: Visual,294,44.75,False,0,"C6, C2, C6, C6, C2"
Management Sciences,Business Administration,344,55.0,False,0,"B1, C5, C5, C4, C6"
Clinical Science,Dentistry,386,70.25,True,1,"C5, C5, C3, B2, A1"
Science,Physics,262,53.75,False,0,"C1, B1, C4, C6, B3"
Clinical Science,Dentistry,233,55.12,False,0,"B1, C2, C6, B1, B3"
Clinical Science,Nursing,272,48.0,True,0,"C1, C4, C2, C5, C4"
Clinical Science,Nursing,222,57.75,True,1,"B2, B1, B1, C1, C4"
Social Sciences,Geography and Planning,337,60.12,False,0,"C2, C1, C6, C3, B3"
Science,Microbiology,251,59.38,True,1,"A1, B2, B1, C4, C5"
Engineering,Chemical and Polymer Engineering,223,44.88,False,0,"C6, A1, C3, C6, C2"
Law,Private and Property Law,320,72.0,False,0,"A1, A1, C1, B2, C6"
Social Sciences,Social Work,225,40.12,True,0,"C4, C2, C5, C5, C2"
Law,Public Law,290,67.25,True,1,"A1, C2, B3, A1, C5"
Science,Chemistry,269,65.62,True,1,"B3, B1, B3, C2, B1"
Arts,Creative Arts: Theatre,353,68.12,True,1,"A1, C2, C2, C4, C2"
Law,Commercial and Industrial Law,177,41.12,False,0,"B1, C1, C1, C5, C6"
Arts,English Literature,216,57.0,True,1,"C3, A1, C1, B1, C2"
Management Sciences,Accounting,242,58.25,True,1,"C4, A1, C3, A1, C3"
Clinical Science,Nursing,183,50.88,True,0,"B3, A1, C2, C4, B3"
Law,Legal Studies,304,60.0,True,1,"C4, C4, B2, B3, C1"
Science,Microbiology,268,49.5,False,0,"C2, C2, B1, C6, C6"
Law,Legal Studies,127,32.88,True,0,"C5, C5, B2, B2, C5"
Social Sciences,Transport Planning,260,63.5,True,1,"C3, C3, B1, B2, A1"
Arts,History and International studies,248,53.0,False,0,"C5, A1, C2, C6, B2"
Clinical Science,Medicine and Surgery,364,70.5,True,1,"C4, C1, C3, C1, A1"
Management Sciences,Project Management,282,60.25,True,1,"C2, C2, C2, B1, C1"
Science,Microbiology,148,33.5,True,0,"C4, C3, C1, C4, C3"
Clinical Science,Pharmacology,225,47.12,False,0,"C6, B3, C2, C4, B2"
Management Sciences,Accounting,297,56.12,True,1,"C2, C5, C2, C3, B2"
Law,Islamic Law,356,69.5,True,1,"C2, A1, C4, C1, C2"
Engineering,Aeronautical and Astronautical Engineering,284,57.5,True,1,"C2, C3, C3, B3, B3"
Management Sciences,Project Management,362,63.25,True,1,"C4, B3, C4, C1, C3"
Clinical Science,Pharmacology,242,60.25,True,1,"B3, A1, C4, B1, C2"
Law,Commercial and Industrial Law,245,58.62,False,0,"C4, A1, B3, A1, C6"
Clinical Science,Dentistry,391,75.88,True,1,"C4, C4, B3, A1, B2"
Clinical Science,Medicine and Surgery,139,43.38,True,0,"A1, C2, C5, A1, C5"
Science,Botany,369,63.12,False,0,"A1, C5, C3, C3, C6"
Science,Physics,397,70.62,False,0,"B2, C6, C4, B3, B3"
Clinical Science,Nursing,204,41.5,True,0,"B3, C5, C2, C5, C2"
Law,Islamic Law,139,48.38,True,0,"B1, A1, C3, C3, B2"
Science,Mathematics,215,50.88,False,0,"C5, B1, C1, A1, C6"
Arts,Creative Arts: Music,127,37.88,False,0,"B2, C5, C6, B3, B1"
Management Sciences,Banking and Finance,188,50.5,True,0,"C4, C2, B3, C1, A1"
Engineering,Civil Engineering,327,60.88,False,0,"A1, C5, C5, B1, C6"
Engineering,Mechanical Engineering,315,58.38,True,1,"B2, C1, C3, C3, C5"
Law,Islamic Law,261,59.62,True,1,"C1, B3, B2, C2, C1"
Arts,History and International studies,138,36.25,False,0,"B1, C6, C3, C2, C2"
Science,Microbiology,156,45.5,False,0,"B2, B2, B2, C1, C6"
Management Sciences,Marketing,179,46.38,False,0,"B3, C6, C1, C1, B1"
Management Sciences,Project Management,373,70.62,False,0,"C6, A1, C6, B3, B1"
Clinical Science,Pharmacology,152,29.0,False,0,"C6, C6, C5, B2, C4"
Management Sciences,Business Administration,227,39.38,False,0,"C5, C6, C3, B3, C5"
Management Sciences,Accounting,241,55.12,True,1,"B1, B1, C5, C4, B3"
Law,Private and Property Law,246,53.75,False,0,"C5, A1, C6, A1, C4"
Law,Legal Studies,257,51.12,True,1,"C2, C3, A1, C5, C5"
Arts,History and International studies,291,56.38,False,0,"C1, C1, B2, C6, C3"
Arts,Creative Arts: Music,326,57.75,False,0,"B1, C4, C6, C5, B3"
Arts,Philosophy,246,54.75,True,1,"C2, A1, C5, C3, B3"
Clinical Science,Nursing,129,38.12,False,0,"C6, C5, B3, B1, B2"
Social Sciences,Transport Planning,305,68.12,True,1,"B1, C3, B3, C3, A1"
Arts,English Language,174,45.75,True,0,"C5, B3, B3, B3, C1"
Clinical Science,Pharmacology,233,46.12,True,0,"C3, C5, C2, B2, C4"
Social Sciences,Economics,318,60.75,False,0,"B2, B3, C5, C6, B2"
Social Sciences,Political Science,185,41.12,True,0,"C3, B2, C2, C3, C5"
Clinical Science,Pharmacology,237,46.62,True,0,"C3, C1, C3, C2, C4"
Clinical Science,Dentistry,177,52.12,True,0,"C4, C2, B2, B2, A1"
Engineering,Aeronautical and Astronautical Engineering,350,66.75,True,1,"B2, B3, B2, C4, C5"
Social Sciences,Criminology,226,41.25,True,0,"C5, C5, C3, C4, B3"
Engineering,Mechanical Engineering,275,65.38,True,1,"C1, B2, C3, B1, B1"
Science,Zoology,368,73.0,True,1,"A1, B2, C3, C5, B3"
Social Sciences,Psychology,351,61.88,False,0,"A1, C6, C6, C3, C1"
Arts,Linguistics,274,62.25,True,1,"C4, C4, B2, B2, A1"
Arts,Creative Arts: Visual,301,55.62,True,1,"C3, B1, C5, C5, C1"
Science,Botany,143,34.88,False,0,"C5, C6, B2, C5, B1"
Social Sciences,Transport Planning,289,73.12,True,1,"A1, B1, B3, B2, B3"
Clinical Science,Dentistry,210,39.25,False,0,"C4, C2, C6, C4, C1"
Arts,English Language,368,79.0,True,1,"B1, A1, C5, C2, A1"
Arts,English Language,339,68.38,False,0,"B2, C6, B3, B2, B3"
Engineering,Mechanical Engineering,305,58.12,False,0,"A1, B3, C6, C2, C6"
Science,Zoology,302,67.75,True,1,"C4, B1, A1, C1, C1"
Management Sciences,Accounting,193,42.12,False,0,"B2, C6, C1, C1, C5"
Science,Zoology,307,67.38,True,1,"C5, B3, B3, A1, B3"
Arts,Linguistics,262,52.75,True,1,"C1, C1, C4, C1, C3"
Clinical Science,Nursing,338,55.25,False,0,"C6, C5, C4, B2, C3"
Law,Public Law,157,30.62,False,0,"C6, B2, C6, C3, C5"
Management Sciences,Business Administration,398,75.75,True,1,"B2, C4, B2, C4, B1"
Law,Islamic Law,333,62.62,True,1,"C3, C3, C3, B1, C2"
Arts,Creative Arts: Music,208,56.0,False,0,"B2, B1, C6, B2, B1"
Clinical Science,Nursing,185,49.12,True,0,"C1, C3, B1, C1, C1"
Arts,Linguistics,294,73.75,True,1,"B1, B2, A1, B1, C2"
Social Sciences,Social Work,231,48.88,False,0,"B3, C6, B1, C4, C2"
Arts,Linguistics,217,58.12,True,1,"B3, B3, B3, B3, B2"
Engineering,Mechanical Engineering,304,49.0,False,0,"C6, C6, C1, C1, C5"
Management Sciences,Business Administration,347,68.38,True,1,"C4, B2, C2, B1, C2"
Science,Microbiology,399,82.88,True,1,"B2, C1, C3, B1, A1"
Arts,English Literature,316,56.5,True,1,"C5, C4, B1, C3, C3"
Arts,Foreign Languages,319,62.88,True,1,"C2, C2, C5, B2, B2"
Science,Mathematics,295,60.88,False,0,"B2, C3, B2, B2, C6"
Arts,History and International studies,391,65.88,False,0,"B2, C6, C3, C4, C1"
Clinical Science,Nursing,208,49.0,True,0,"B1, B2, C2, C5, C3"
Engineering,Aeronautical and Astronautical Engineering,225,57.12,False,0,"B2, A1, B3, C6, B3"
Science,Zoology,198,52.75,True,1,"A1, C2, C2, B2, C3"
Social Sciences,Sociology,329,73.12,True,1,"B2, A1, C3, C1, B2"
Arts,Creative Arts: Music,138,27.25,False,0,"C5, B3, C5, C6, C4"
Law,Jurisprudence and International Law,210,44.25,True,0,"C4, C1, B3, C5, C2"
Law,Public Law,276,57.5,True,1,"C2, A1, C3, C1, C5"
Clinical Science,Dentistry,213,61.62,True,1,"B1, C3, B2, B2, A1"
Science,Zoology,157,39.62,False,0,"C4, B2, B1, C3, C6"
Clinical Science,Nursing,205,49.62,True,0,"C2, C5, B1, C3, B1"
Clinical Science,Nursing,137,51.12,True,0,"B1, C1, C5, A1, A1"
Law,Jurisprudence and International Law,215,55.88,True,1,"C2, B1, C2, B1, C1"
Engineering,Civil Engineering,247,57.88,True,1,"C2, B2, C2, C2, B1"
Clinical Science,Pharmacology,159,49.88,True,0,"C3, B3, A1, C2, B2"
Arts,Philosophy,275,56.38,True,1,"C4, C3, B1, B3, C3"
Social Sciences,Economics,331,73.38,True,1,"B2, C3, B3, B1, B1"
Engineering,Chemical and Polymer Engineering,399,68.88,False,0,"C5, B2, C6, B3, C1"
Science,Physics,254,64.75,True,1,"C1, B1, C4, A1, B1"
Science,Chemistry,131,34.38,False,0,"B1, C6, C5, B2, C4"
Social Sciences,Psychology,266,54.25,False,0,"C4, B2, B3, B3, C6"
Management Sciences,Accounting,189,38.62,False,0,"C2, C3, C5, B2, C6"
Science,Botany,375,64.88,False,0,"B3, C6, C6, A1, C4"
Clinical Science,Dentistry,389,62.62,False,0,"C1, C6, C3, C2, C4"
Clinical Science,Medicine and Surgery,283,53.38,False,0,"C4, C6, B3, C6, A1"
Science,Fisheries,350,75.75,True,1,"B2, B1, B3, A1, C5"
Arts,Philosophy,203,42.38,True,0,"C4, C4, C1, C3, C1"
Law,Jurisprudence and International Law,163,51.38,True,0,"C3, B1, B1, C2, B1"
Arts,History and International studies,386,56.25,False,0,"C1, C5, C6, C5, C5"
Management Sciences,Accounting,273,48.12,False,0,"C2, C6, C3, C6, B2"
Social Sciences,Public Affairs,268,58.5,True,1,"C4, B1, C1, B3, C2"
Arts,Linguistics,215,40.88,False,0,"C3, C1, C2, C4, C6"
Law,Commercial and Industrial Law,400,77.0,True,1,"B2, C2, B1, C5, B2"
Social Sciences,Geography and Planning,140,32.5,True,0,"B1, C4, C5, C3, C5"
Management Sciences,Business Administration,141,38.62,True,0,"C1, B2, C3, C2, C4"
Law,Jurisprudence and International Law,185,43.12,False,0,"C6, C6, C1, B1, B2"
Management Sciences,Industrial Relations,195,47.38,True,0,"C4, B2, C1, C4, B2"
Management Sciences,Banking and Finance,148,42.5,False,0,"C4, B2, B2, B1, C6"
Science,Microbiology,317,70.62,True,1,"C3, B2, C2, B2, A1"
Social Sciences,Sociology,289,63.12,True,1,"C1, C4, C4, A1, B1"
Law,Jurisprudence and International Law,220,58.5,False,0,"C6, A1, C3, B1, A1"
Social Sciences,Public Affairs,346,65.25,True,1,"B2, C2, B3, C2, C5"
Engineering,Mechanical Engineering,169,49.12,True,0,"B2, B3, B3, C5, B1"
Arts,Linguistics,225,54.12,True,1,"B3, B3, C4, C4, A1"
Management Sciences,Banking and Finance,338,63.25,False,0,"C1, C1, B2, C6, C2"
Engineering,Mechanical Engineering,180,50.5,False,0,"A1, B1, C2, C6, B3"
Management Sciences,Accounting,257,59.12,True,1,"B2, C4, C3, B1, B2"
Engineering,Mechanical Engineering,236,45.5,True,0,"C4, C1, C2, C2, C5"
Social Sciences,Sociology,164,37.5,True,0,"B3, B3, C5, C4, C4"
Engineering,Mechanical Engineering,339,61.38,False,0,"C6, C2, C2, B2, C2"
Science,Chemistry,335,66.88,True,1,"B1, C3, A1, C3, C5"
Management Sciences,Marketing,387,72.38,True,1,"B1, B2, C2, C2, C5"
Science,Botany,271,52.88,True,1,"C1, C5, C2, B1, C5"
Science,Mathematics,205,49.62,True,0,"A1, C2, C1, C5, C2"
Arts,Creative Arts: Visual,245,51.62,True,1,"B2, C2, B3, C5, C3"
Clinical Science,Nursing,254,45.75,False,0,"C4, C6, B3, C6, B3"
Law,Islamic Law,246,51.75,False,0,"B2, B3, C6, C2, C2"
Management Sciences,Public Administration,193,47.12,True,0,"B2, B1, C1, C4, C5"
Law,Legal Studies,375,67.88,False,0,"C1, B2, B2, C6, C4"
Science,Mathematics,377,77.12,True,1,"C5, A1, A1, C3, B3"
Arts,Creative Arts: Theatre,184,46.0,True,0,"C5, B1, B1, C4, C2"
Engineering,Aeronautical and Astronautical Engineering,380,63.5,False,0,"C3, C6, C2, C5, B1"
Clinical Science,Pharmacology,228,43.5,False,0,"B2, C5, C4, C6, C1"
Social Sciences,Criminology,345,61.12,False,0,"C1, C4, B3, C1, C6"
Law,Public Law,336,69.0,True,1,"C1, B3, C1, B3, C1"
Science,Microbiology,373,64.62,True,1,"C3, C4, B3, C5, B3"
Clinical Science,Medicine and Surgery,352,58.0,False,0,"B2, C3, C2, C6, C6"
Management Sciences,Banking and Finance,239,52.88,True,1,"B2, C5, C5, B3, B1"
Arts,Creative Arts: Music,339,61.38,True,1,"C1, B3, C5, C4, C1"
Science,Physics,263,58.88,False,0,"B1, B2, C5, C6, A1"
Arts,Creative Arts: Music,278,52.75,True,1,"C5, C1, C5, B3, C1"
Engineering,Mechanical Engineering,288,60.0,True,1,"C3, C2, B1, B1, C5"
Clinical Science,Medicine and Surgery,198,48.75,True,0,"B1, C5, B3, C4, B2"
Science,Computer Science,311,54.88,True,1,"C5, B1, C5, C3, C3"
Law,Legal Studies,388,71.5,True,1,"C3, C3, C1, B3, B3"
Management Sciences,Banking and Finance,154,28.25,False,0,"C4, C4, C2, C6, C5"
Clinical Science,Pharmacology,357,65.62,True,1,"C3, C2, C3, B2, C2"
Engineering,Chemical and Polymer Engineering,269,60.62,False,0,"B2, C6, B3, B3, B1"
Science,Microbiology,366,61.75,False,0,"C3, C5, A1, C4, C6"
Social Sciences,Economics,346,63.25,False,0,"B3, C4, C4, A1, C6"
Clinical Science,Pharmacology,225,51.12,False,0,"C2, C6, A1, B1, C5"
Engineering,Industrial Engineering,353,67.12,False,0,"B2, C5, A1, C1, C6"
Management Sciences,Marketing,257,59.12,True,1,"C5, A1, C1, B1, C3"
Science,Microbiology,154,38.25,True,0,"C2, B3, C4, C3, C2"
Clinical Science,Nursing,131,39.38,True,0,"B2, B3, C5, B3, C3"
Clinical Science,Dentistry,378,80.25,True,1,"C5, A1, B2, A1, C1"
Social Sciences,Political Science,389,66.62,True,1,"C5, C4, C3, B3, B3"
Engineering,Mechanical Engineering,352,59.0,False,0,"C5, C6, C3, C5, A1"
Law,Public Law,389,71.62,True,1,"C4, B2, C1, B3, C3"
Arts,History and International studies,204,48.5,True,0,"B3, C4, C4, C1, B1"
Law,Public Law,179,43.38,True,0,"B2, C2, C4, B2, C5"
Arts,Linguistics,152,41.0,False,0,"C1, C4, B2, C6, B1"
Arts,Creative Arts: Visual,263,54.88,True,1,"C2, C4, C1, C2, B2"
Arts,English Literature,177,37.12,False,0,"B3, C2, C2, C6, C5"
Law,Public Law,127,40.88,True,0,"C4, C1, B1, B3, C2"
Arts,Creative Arts: Visual,152,54.0,True,0,"C5, A1, B1, A1, B3"
Arts,English Language,139,49.38,False,0,"C6, A1, B1, A1, C2"
Science,Chemistry,238,57.75,True,1,"C3, B1, B1, B2, C4"
Social Sciences,Public Affairs,145,48.12,True,0,"C2, B2, B1, B1, C3"
Engineering,Chemical and Polymer Engineering,272,58.0,True,1,"B1, C2, C3, C3, B3"
Management Sciences,Banking and Finance,150,48.75,True,0,"B3, A1, C1, B3, C3"
Arts,Philosophy,222,34.75,True,0,"C5, C5, C5, C5, C3"
Management Sciences,Banking and Finance,207,49.88,False,0,"B1, C3, C1, B1, C6"
Management Sciences,Marketing,147,44.38,True,0,"C2, C1, C2, A1, C3"
Engineering,Electronic and Computer Engineering,121,30.12,True,0,"C5, C2, C5, B1, C5"
Arts,English Language,239,58.88,True,1,"A1, C5, B3, B3, B3"
Social Sciences,Geography and Planning,254,49.75,False,0,"B2, B1, C5, C4, C6"
Law,Islamic Law,183,49.88,True,0,"C3, C4, C2, A1, B1"
Engineering,Industrial Engineering,229,55.62,False,0,"C6, A1, C1, B2, C1"
Clinical Science,Dentistry,128,50.0,False,0,"A1, B1, B3, A1, C6"
Social Sciences,Criminology,308,67.5,True,1,"C3, C2, B3, A1, B3"
Science,Fisheries,157,39.62,False,0,"C2, C6, C3, A1, C3"
Social Sciences,Psychology,318,55.75,True,1,"C2, C4, C5, C2, C1"
Arts,Philosophy,124,43.5,True,0,"B3, C2, A1, C2, C2"
Science,Botany,384,84.0,True,1,"C1, B2, A1, B2, B2"
Clinical Science,Nursing,311,67.88,True,1,"B1, A1, C3, C5, B2"
Social Sciences,Economics,214,49.75,True,0,"C2, C5, B1, C4, B1"
Management Sciences,Business Administration,302,66.75,True,1,"B3, B1, C4, B3, B2"
Law,Legal Studies,328,70.0,True,1,"A1, C5, C1, C3, A1"
Social Sciences,Political Science,286,53.75,False,0,"C6, C3, A1, C3, C4"
Social Sciences,Political Science,343,76.88,True,1,"C1, A1, B3, B3, B2"
Social Sciences,Social Work,205,41.62,False,0,"C6, C3, B3, C5, B3"
Engineering,Chemical and Polymer Engineering,221,46.62,False,0,"C6, C2, C6, A1, C1"
Engineering,Electronic and Computer Engineering,270,48.75,False,0,"C5, B3, B1, C6, C6"
Clinical Science,Medicine and Surgery,210,46.25,True,0,"C4, C4, C1, C3, B1"
Clinical Science,Nursing,122,31.25,False,0,"C2, C6, B2, C4, C3"
Engineering,Electronic and Computer Engineering,188,51.5,False,0,"C6, B2, B2, B2, B2"
Clinical Science,Nursing,363,56.38,False,0,"C6, C4, B1, C5, C6"
Science,Chemistry,267,68.38,True,1,"C1, A1, B2, A1, C3"
Management Sciences,Marketing,325,72.62,True,1,"C3, B3, B2, B1, B1"
Arts,English Literature,246,64.75,True,1,"C2, B2, A1, B2, B3"
Science,Chemistry,230,50.75,False,0,"C1, B3, C2, B2, C6"
Engineering,Mechanical Engineering,344,62.0,False,0,"C6, C3, C4, B2, B2"
Law,Islamic Law,374,63.75,True,1,"B2, C4, B3, C5, C5"
Science,Computer Science,390,83.75,True,1,"B2, B2, B3, C1, A1"
Clinical Science,Pharmacology,177,54.12,True,0,"C3, B2, B2, B2, B1"
Engineering,Industrial Engineering,316,60.5,True,1,"C1, B3, C1, C3, C4"
Law,Commercial and Industrial Law,399,80.88,True,1,"B3, A1, C3, B2, C1"
Law,Legal Studies,294,57.75,False,0,"A1, C5, B1, C6, C4"
Law,Commercial and Industrial Law,391,69.88,False,0,"B2, C6, C2, A1, C6"
Clinical Science,Pharmacology,265,59.12,True,1,"B2, C4, C3, B3, B1"
Clinical Science,Medicine and Surgery,355,66.38,True,1,"C5, C3, A1, B3, C4"
Arts,Creative Arts: Theatre,216,51.0,True,1,"C5, C1, B2, B1, C3"
Law,Private and Property Law,345,66.12,True,1,"B3, B2, C4, C1, C3"
Engineering,Industrial Engineering,154,44.25,False,0,"C6, B1, C3, B2, B2"
Science,Mathematics,337,56.12,True,1,"C5, B2, C5, C5, C2"
Clinical Science,Pharmacology,380,65.5,False,0,"B1, C6, C1, C3, C4"
Clinical Science,Dentistry,121,37.12,True,0,"C3, B1, C3, B2, C5"
Management Sciences,Accounting,217,61.12,True,1,"B3, A1, C2, B3, B1"
Clinical Science,Pharmacology,364,64.5,False,0,"C1, B3, C3, C1, C6"
Science,Physics,185,45.12,True,0,"C1, C4, C4, B2, B3"
Management Sciences,Industrial Relations,390,63.75,False,0,"C5, B1, C6, C5, C1"
Law,Jurisprudence and International Law,187,55.38,True,0,"B1, B1, B3, B2, C3"
Management Sciences,Insurance,214,50.75,False,0,"C6, B1, C2, C1, B2"
Engineering,Mechanical Engineering,377,83.12,True,1,"C1, C3, A1, A1, B1"
Science,Botany,294,64.75,False,0,"C6, C4, A1, B1, B1"
Engineering,Civil Engineering,320,66.0,True,1,"B1, C4, B1, C1, C3"
Engineering,Civil Engineering,357,65.62,True,1,"C2, B3, C5, C1, C1"
Arts,English Literature,258,66.25,True,1,"A1, B1, A1, C1, C5"
Social Sciences,Sociology,354,72.25,True,1,"A1, C1, C4, A1, C5"
Clinical Science,Pharmacology,152,36.0,False,0,"C1, B3, C5, C6, C1"
Management Sciences,Business Administration,135,48.88,True,0,"C2, A1, A1, C3, C1"
Clinical Science,Dentistry,131,30.38,False,0,"C4, C5, B3, C1, C6"
Social Sciences,Geography and Planning,389,68.62,True,1,"C5, B1, C2, C4, C1"
Management Sciences,Marketing,245,51.62,True,1,"A1, C4, C4, C5, B3"
Clinical Science,Pharmacology,151,42.88,False,0,"C2, A1, C3, B2, C6"
Science,Mathematics,268,57.5,True,1,"C4, C3, B3, B3, B2"
Social Sciences,Criminology,317,66.62,False,0,"A1, C6, B2, C2, B3"
Management Sciences,Accounting,222,53.75,True,1,"C3, C2, B2, C2, B1"
Engineering,Electronic and Computer Engineering,311,62.88,True,1,"C3, C2, C5, B1, B1"
Science,Computer Science,379,63.38,False,0,"B3, C2, C4, C2, C6"
Science,Microbiology,147,41.38,True,0,"C3, C4, A1, C1, C3"
Social Sciences,Psychology,238,52.75,False,0,"B1, C5, B3, C6, B1"
Engineering,Industrial Engineering,181,44.62,True,0,"C1, C3, C3, B3, C1"
Management Sciences,Marketing,341,60.62,True,1,"C2, C1, C1, C5, C3"
Law,Commercial and Industrial Law,208,38.0,False,0,"C6, C6, C2, C6, B1"
Social Sciences,Transport Planning,340,59.5,False,0,"C5, C2, B3, C6, B3"
Clinical Science,Nursing,168,36.0,False,0,"C2, C6, C2, C3, C2"
Arts,Creative Arts: Theatre,208,47.0,True,0,"B1, C4, C2, C1, C4"
Law,Public Law,142,48.75,True,0,"B3, B2, C1, C3, A1"
Clinical Science,Medicine and Surgery,132,37.5,False,0,"C1, B1, C6, B1, C6"
Science,Fisheries,180,42.5,True,0,"B1, C1, C2, C4, C5"
Science,Physics,235,51.38,True,1,"A1, B2, C5, C5, C3"
Social Sciences,Sociology,378,78.25,False,0,"A1, B3, C6, C1, A1"
Management Sciences,Industrial Relations,155,32.38,False,0,"C6, C3, C5, B1, C5"
Arts,English Literature,257,41.12,False,0,"C6, C3, C6, C3, C3"
Social Sciences,Criminology,298,73.25,True,1,"B2, A1, C1, B2, B2"
Clinical Science,Pharmacology,200,45.0,False,0,"C4, C6, B1, C4, B1"
Arts,Creative Arts: Music,170,36.25,True,0,"B2, C4, C2, C5, C5"
Management Sciences,Banking and Finance,197,57.62,True,1,"C1, A1, C5, B2, A1"
Science,Microbiology,136,39.0,False,0,"C1, C5, B1, C6, B1"
Management Sciences,Public Administration,349,74.62,True,1,"C1, B1, B1, C2, B3"
Engineering,Civil Engineering,331,48.38,False,0,"C6, C4, C4, C6, C3"
Science,Computer Science,295,59.88,False,0,"C1, C1, C6, B2, B3"
Management Sciences,Public Administration,320,55.0,True,1,"C3, C5, B3, C5, C2"
Science,Microbiology,318,61.75,True,1,"B1, B2, C2, C5, C4"
Arts,Creative Arts: Theatre,244,58.5,True,1,"C1, C5, B1, B2, B2"
Social Sciences,Public Affairs,184,32.0,False,0,"C5, C6, C4, C1, C5"
Social Sciences,Transport Planning,141,41.62,True,0,"C1, C2, A1, C3, C4"
Clinical Science,Pharmacology,333,60.62,False,0,"B1, B1, C5, C4, C6"
Clinical Science,Nursing,335,68.88,True,1,"B3, C1, C3, C1, B1"
Clinical Science,Nursing,284,55.5,True,1,"B1, C2, C5, B3, C5"
Engineering,Industrial Engineering,369,60.12,False,0,"C4, B3, C6, C2, C4"
Arts,Creative Arts: Visual,380,71.5,True,1,"C1, A1, C1, C5, C3"
Management Sciences,Banking and Finance,301,55.62,False,0,"C1, C4, B3, C1, C6"
Clinical Science,Nursing,202,55.25,True,1,"C3, C2, B3, A1, B2"
Clinical Science,Nursing,394,70.25,False,0,"C4, C2, C6, C1, A1"
Arts,Creative Arts: Visual,194,47.25,True,0,"C2, B3, C2, C3, B3"
Management Sciences,Industrial Relations,216,52.0,True,1,"C1, C2, C3, B3, B2"
Arts,History and International studies,352,66.0,False,0,"C6, B2, B2, C5, B2"
Clinical Science,Dentistry,273,50.12,True,1,"C3, C2, C1, C4, C4"
Management Sciences,Project Management,251,54.38,True,1,"C3, C2, B3, B1, C4"
Management Sciences,Industrial Relations,398,77.75,True,1,"C1, C3, C1, A1, C1"
Science,Physics,394,73.25,False,0,"B3, A1, C6, C4, B3"
Clinical Science,Dentistry,356,63.5,False,0,"B2, C5, C6, A1, C5"
Law,Commercial and Industrial Law,133,53.62,True,0,"B1, A1, B2, B3, B3"
Arts,English Literature,216,50.0,True,1,"B2, B2, C5, B2, C5"
Management Sciences,Insurance,139,52.38,True,0,"A1, B1, C3, A1, C2"
Arts,History and International studies,389,72.62,True,1,"C3, B3, C5, A1, C2"
Law,Islamic Law,303,55.88,False,0,"C4, B3, C2, C6, B3"
Arts,History and International studies,148,44.5,True,0,"C1, B1, C2, B2, C4"
Social Sciences,Criminology,366,71.75,True,1,"A1, C1, C3, C3, C1"
Management Sciences,Insurance,134,36.75,False,0,"B3, C1, C5, B1, C6"
Engineering,Civil Engineering,310,69.75,True,1,"B3, C4, B2, A1, B3"
Social Sciences,Economics,235,42.38,True,0,"C4, C3, C3, C3, C4"
Science,Botany,370,71.25,True,1,"C4, B1, C3, C2, B1"
Arts,English Language,277,53.62,True,1,"C4, C5, C4, C2, A1"
Management Sciences,Public Administration,220,39.5,False,0,"B2, C2, C6, C5, C6"
Engineering,Mechanical Engineering,220,43.5,False,0,"C6, C4, C4, B1, C2"
Law,Private and Property Law,126,45.75,True,0,"B2, C2, B2, A1, C4"
Science,Microbiology,262,59.75,True,1,"B2, C5, B1, C5, A1"
Management Sciences,Project Management,387,70.38,True,1,"B2, C1, B1, C5, C5"
Engineering,Chemical and Polymer Engineering,321,72.12,True,1,"C4, A1, C1, C1, A1"
Social Sciences,Geography and Planning,234,46.25,False,0,"C5, C3, B2, B3, C6"
Management Sciences,Marketing,295,52.88,True,1,"B3, C5, C1, C3, C5"
Social Sciences,Transport Planning,366,58.75,False,0,"C6, B3, C5, B3, C6"
Clinical Science,Pharmacology,241,59.12,True,1,"C4, C1, B1, B1, B3"
Management Sciences,Banking and Finance,276,55.5,False,0,"C4, B2, C6, C4, A1"
Law,Public Law,120,41.0,True,0,"C1, C1, B1, C5, B2"
Law,Legal Studies,264,52.0,True,1,"C5, C2, C2, B3, C2"
Law,Islamic Law,310,57.75,True,1,"B2, C5, C4, B3, C3"
Clinical Science,Dentistry,277,66.62,True,1,"A1, B2, C5, B2, B2"
Social Sciences,Geography and Planning,359,59.88,True,1,"C4, C4, C1, C1, C5"
Law,Legal Studies,138,34.25,True,0,"C3, C3, C3, C5, B2"
Engineering,Electronic and Computer Engineering,263,59.88,True,1,"C4, B2, C4, B1, B1"
Management Sciences,Business Administration,209,46.12,True,0,"C4, C2, C5, B1, C1"
Social Sciences,Transport Planning,225,55.12,True,1,"A1, C1, C4, C1, C1"
Arts,Philosophy,258,52.25,True,1,"C3, C4, C2, B1, C3"
Law,Commercial and Industrial Law,176,46.0,True,0,"C3, B1, C1, C3, C1"
Engineering,Industrial Engineering,210,53.25,True,1,"C5, B3, B1, C2, B1"
Social Sciences,Geography and Planning,213,56.62,True,1,"C1, C1, B3, A1, C2"
Arts,Philosophy,203,48.38,False,0,"C1, B2, C1, B3, C6"
Science,Computer Science,326,59.75,False,0,"C4, C2, B3, B2, C6"
Social Sciences,Economics,369,61.12,False,0,"C6, C1, B2, C3, C6"
Social Sciences,Economics,254,52.75,False,0,"C6, C1, B1, C6, B1"
Management Sciences,Business Administration,380,69.5,True,1,"C2, B3, C3, C5, B1"
Engineering,Civil Engineering,143,39.88,False,0,"A1, C3, C2, C6, C1"
Social Sciences,Transport Planning,215,49.88,True,0,"C1, B2, C4, B1, C5"
Clinical Science,Pharmacology,316,65.5,False,0,"B3, A1, C3, B2, C6"
Management Sciences,Insurance,375,68.88,False,0,"C1, C2, B1, C6, C1"
Engineering,Industrial Engineering,295,62.88,True,1,"B2, C2, B2, B2, C5"
Clinical Science,Dentistry,342,66.75,True,1,"A1, C4, C3, B1, C5"
Management Sciences,Project Management,200,50.0,True,1,"B1, C4, C2, C2, B2"
Science,Microbiology,345,67.12,True,1,"C3, A1, C2, C4, C1"
Management Sciences,Project Management,398,70.75,True,1,"B1, C3, C1, C5, C2"
Science,Mathematics,331,55.38,True,1,"C2, C3, C5, C5, C1"
Clinical Science,Pharmacology,219,48.38,True,0,"C1, C5, C1, B2, C3"
Science,Microbiology,301,64.62,True,1,"C4, A1, B2, B3, C4"
Engineering,Civil Engineering,142,45.75,True,0,"B2, B1, B1, C5, C2"
Clinical Science,Medicine and Surgery,180,61.5,True,0,"B3, B3, A1, B2, A1"
Engineering,Industrial Engineering,294,47.75,False,0,"C3, C4, C1, C5, C6"
Engineering,Civil Engineering,329,83.12,True,1,"A1, B3, B3, A1, A1"
Management Sciences,Banking and Finance,342,77.75,True,1,"B2, B1, B1, B3, B3"
Arts,History and International studies,175,43.88,False,0,"B3, C4, B2, B2, C6"
Management Sciences,Insurance,147,41.38,True,0,"C4, B3, C2, C5, A1"
Social Sciences,Sociology,369,67.12,True,1,"B1, C3, C5, C3, B3"
Engineering,Industrial Engineering,129,37.12,True,0,"C3, C1, C5, A1, C4"
Management Sciences,Business Administration,328,61.0,False,0,"C6, A1, C1, C2, C5"
Social Sciences,Criminology,372,72.5,True,1,"C4, B1, B2, C2, C1"
Engineering,Civil Engineering,357,58.62,False,0,"C6, A1, C5, C4, C5"
Law,Commercial and Industrial Law,372,76.5,True,1,"B2, C4, A1, C3, B1"
Science,Physics,147,46.38,True,0,"A1, C5, C1, B2, C1"
Management Sciences,Banking and Finance,380,73.5,True,1,"B3, C5, B3, B2, B3"
Clinical Science,Pharmacology,349,71.62,True,1,"C3, B1, C1, B1, C2"
Engineering,Electronic and Computer Engineering,256,48.0,True,0,"C5, C5, C3, C5, A1"
Management Sciences,Business Administration,271,62.88,True,1,"B2, B1, C5, C3, A1"
Science,Fisheries,210,52.25,True,1,"B1, C5, B1, C4, B2"
Management Sciences,Marketing,186,40.25,False,0,"C1, C3, C1, C6, C2"
Arts,Foreign Languages,262,56.75,False,0,"B2, B2, C6, B3, C2"
Law,Private and Property Law,375,69.88,True,1,"B2, B2, C2, C5, C2"
Clinical Science,Dentistry,228,43.5,True,0,"C4, B3, C5, C1, C5"
Engineering,Aeronautical and Astronautical Engineering,207,60.88,True,1,"C3, B3, B1, B1, A1"
Arts,English Language,245,53.62,True,1,"A1, C3, B2, C5, C4"
Engineering,Civil Engineering,295,64.88,False,0,"B3, C6, A1, C2, B1"
Arts,Linguistics,374,61.75,False,0,"C6, C2, B1, C4, C5"
Science,Fisheries,191,38.88,False,0,"C2, C6, C5, C6, A1"
Science,Computer Science,369,58.12,False,0,"C6, C6, C4, B2, C3"
Management Sciences,Business Administration,376,65.0,True,1,"C5, B2, C5, C5, B1"
Law,Islamic Law,199,48.88,True,0,"A1, C1, C1, C3, C5"
Arts,History and International studies,196,52.5,False,0,"B3, A1, B3, B3, C6"
Clinical Science,Nursing,272,65.0,True,1,"A1, B2, C4, C2, B1"
Law,Islamic Law,195,56.38,True,1,"A1, A1, C4, B1, C4"
Science,Botany,326,68.75,True,1,"C3, B2, B1, C1, C1"
Management Sciences,Marketing,149,41.62,False,0,"B1, C3, C6, C2, B1"
Management Sciences,Banking and Finance,241,46.12,True,0,"C1, C5, C4, B3, C4"
Arts,Foreign Languages,248,42.0,False,0,"C4, C5, C6, C6, B1"
Science,Mathematics,323,56.38,False,0,"C1, C2, C1, C6, C4"
Engineering,Mechanical Engineering,194,47.25,True,0,"A1, C1, C4, C4, C2"
Arts,Creative Arts: Music,199,44.88,True,0,"C4, C2, B2, B3, C5"
Engineering,Industrial Engineering,190,52.75,False,0,"A1, C1, C6, C2, A1"
Arts,Creative Arts: Visual,136,33.0,True,0,"C5, C1, C5, B3, C3"
Arts,Creative Arts: Visual,351,74.88,True,1,"B2, B2, B1, C2, C1"
Social Sciences,Political Science,156,51.5,True,0,"B1, C3, A1, C3, B1"
Arts,English Literature,245,43.62,False,0,"B3, C5, C5, C1, C6"
Law,Commercial and Industrial Law,125,41.62,True,0,"B3, C3, C1, B1, C2"
Management Sciences,Business Administration,361,62.12,False,0,"C2, C4, C6, B3, C1"
Clinical Science,Medicine and Surgery,319,56.88,False,0,"C1, C4, C6, C4, B1"
Science,Mathematics,136,29.0,False,0,"C5, C6, C5, A1, C6"
Clinical Science,Pharmacology,394,72.25,True,1,"C5, A1, C2, C4, B3"
Clinical Science,Nursing,370,57.25,False,0,"C3, C2, C3, C6, C5"
Social Sciences,Public Affairs,329,66.12,True,1,"C3, A1, C5, A1, C5"
Arts,Creative Arts: Visual,267,51.38,False,0,"A1, B3, C5, C5, C6"
Law,Islamic Law,184,38.0,True,0,"C5, C5, B2, C1, C5"
Social Sciences,Social Work,208,51.0,True,1,"C4, C5, C1, B2, A1"
Arts,Creative Arts: Theatre,155,36.38,False,0,"C6, C1, C4, C2, B3"
Management Sciences,Marketing,327,58.88,True,1,"C5, C1, C3, C5, B1"
Science,Chemistry,362,71.25,True,1,"B3, C2, B3, C1, C1"
Arts,English Language,331,69.38,True,1,"C1, C3, C2, B1, B1"
Arts,English Language,337,54.12,False,0,"C3, C6, C5, B2, C5"
Management Sciences,Public Administration,361,75.12,True,1,"C2, A1, C5, B1, B2"
Social Sciences,Criminology,183,47.88,False,0,"B3, C6, B1, C2, B2"
Science,Microbiology,307,51.38,True,1,"C2, C3, C5, C3, C4"
Clinical Science,Dentistry,202,40.25,False,0,"C5, B1, C2, C4, C6"
Arts,Philosophy,120,48.0,True,0,"B1, C2, C1, B3, A1"
Science,Computer Science,207,43.88,True,0,"C4, C4, C5, C3, A1"
Law,Legal Studies,169,42.12,False,0,"C4, A1, C6, B3, C3"
Science,Physics,351,70.88,True,1,"A1, C3, C3, C3, B1"
Social Sciences,Public Affairs,312,67.0,True,1,"C4, C3, B2, B3, A1"
Law,Legal Studies,250,49.25,False,0,"C3, C6, C5, B1, B3"
Clinical Science,Pharmacology,123,31.38,False,0,"C4, C6, C2, B3, C2"
Engineering,Aeronautical and Astronautical Engineering,185,42.12,False,0,"C3, C2, B2, C1, C6"
Clinical Science,Nursing,382,87.75,True,1,"A1, C1, A1, C1, A1"
Arts,Creative Arts: Visual,386,75.25,False,0,"B3, C3, A1, C6, B1"
Management Sciences,Accounting,206,55.75,False,0,"B1, B1, B3, C6, B1"
Engineering,Aeronautical and Astronautical Engineering,241,53.12,True,1,"C3, C2, A1, C5, C1"
Engineering,Chemical and Polymer Engineering,277,54.62,False,0,"B2, C2, C6, C2, C1"
Engineering,Aeronautical and Astronautical Engineering,290,69.25,True,1,"B2, B2, B3, C3, A1"
Law,Commercial and Industrial Law,231,52.88,False,0,"B2, B1, B1, C6, C5"
Law,Public Law,312,56.0,False,0,"B2, C3, C6, C1, C4"
Clinical Science,Pharmacology,247,47.88,True,0,"C5, C5, C1, C3, B2"
Social Sciences,Social Work,193,56.12,True,0,"B2, C1, B3, B2, B2"
Clinical Science,Medicine and Surgery,241,51.12,False,0,"C6, C1, B1, C2, C2"
Arts,Foreign Languages,161,38.12,False,0,"C6, C3, B2, C6, B1"
Management Sciences,Banking and Finance,268,52.5,False,0,"C5, B2, A1, C6, C5"
Clinical Science,Pharmacology,226,52.25,True,1,"C5, B2, B1, C3, C1"
Science,Microbiology,129,35.12,True,0,"C2, C4, C5, A1, C4"
Engineering,Aeronautical and Astronautical Engineering,265,44.12,False,0,"B3, C3, C6, C6, C4"
Social Sciences,Economics,328,66.0,False,0,"B3, A1, C5, C6, B1"
Clinical Science,Nursing,121,31.12,False,0,"C5, C3, C2, B1, C6"
Engineering,Electronic and Computer Engineering,285,65.62,True,1,"B3, C2, B2, C1, B1"
Science,Fisheries,307,66.38,True,1,"B1, C4, C1, A1, C3"
Clinical Science,Medicine and Surgery,275,63.38,True,1,"C4, C1, B2, B1, B2"
Clinical Science,Pharmacology,248,61.0,True,1,"A1, B3, A1, C5, C3"
Clinical Science,Dentistry,301,60.62,False,0,"B1, B3, B2, C4, C6"
Arts,English Language,259,48.38,False,0,"C2, B2, C5, C6, C2"
Law,Commercial and Industrial Law,276,63.5,False,0,"B1, C6, C3, B1, A1"
Engineering,Industrial Engineering,248,54.0,True,1,"B1, C4, B1, C3, C4"
Arts,Linguistics,132,42.5,True,0,"C3, C2, C3, A1, B3"
Arts,Linguistics,259,55.38,False,0,"C1, B1, B3, C6, C2"
Science,Microbiology,295,61.88,False,0,"C6, C6, A1, B2, B1"
Clinical Science,Pharmacology,287,52.88,False,0,"C6, C6, C4, A1, C1"
Social Sciences,Economics,350,67.75,True,1,"B2, C5, C2, C2, B1"
Science,Microbiology,224,51.0,True,1,"C1, B1, C5, B2, C4"
Management Sciences,Marketing,331,75.38,True,1,"A1, A1, C4, B3, B3"
Engineering,Civil Engineering,340,67.5,True,1,"B1, C2, C1, B2, C5"
Arts,Philosophy,295,70.88,True,1,"A1, C1, A1, B2, C4"
Arts,Philosophy,142,35.75,False,0,"C6, C2, B3, C4, B3"
Engineering,Mechanical Engineering,383,72.88,False,0,"B2, A1, C6, C6, B1"
Engineering,Civil Engineering,129,39.12,True,0,"A1, B2, C3, C5, C4"
Engineering,Civil Engineering,218,48.25,False,0,"C3, B3, B3, C6, B3"
Engineering,Industrial Engineering,176,36.0,True,0,"C3, C5, C5, C5, B1"
Management Sciences,Industrial Relations,141,43.62,True,0,"C3, A1, B2, C3, C3"
Arts,English Language,385,70.12,True,1,"C1, C5, C1, C3, B1"
Law,Private and Property Law,121,39.12,True,0,"C4, C2, C5, B2, A1"
Science,Computer Science,164,42.5,False,0,"C6, B1, C2, C1, C1"
Clinical Science,Medicine and Surgery,363,65.38,True,1,"B1, C5, C3, C3, C1"
Social Sciences,Public Affairs,194,61.25,True,0,"A1, A1, C1, C2, B1"
Engineering,Electronic and Computer Engineering,168,43.0,True,0,"C5, C5, A1, B3, C2"
Management Sciences,Project Management,151,32.88,False,0,"C4, C6, C4, C6, A1"
Law,Islamic Law,382,79.75,True,1,"C1, C3, A1, B1, B3"
Management Sciences,Public Administration,215,66.88,True,1,"B1, B1, A1, B3, B1"
Engineering,Industrial Engineering,354,67.25,False,0,"A1, C6, C5, B2, C1"
Arts,Foreign Languages,254,63.75,True,1,"B1, B1, C3, B3, B2"
Engineering,Chemical and Polymer Engineering,291,51.38,False,0,"C4, B3, C2, C3, C6"
Social Sciences,Economics,134,28.75,False,0,"C6, C1, C4, C6, C1"
Arts,History and International studies,393,62.12,False,0,"C6, C1, C5, C3, C2"
Engineering,Electronic and Computer Engineering,279,51.88,False,0,"C6, C4, A1, C2, C5"
Social Sciences,Psychology,294,67.75,True,1,"C3, B2, B2, A1, C2"
Engineering,Civil Engineering,251,49.38,False,0,"C6, C2, C1, C1, C2"
Engineering,Civil Engineering,396,82.5,False,0,"A1, A1, B3, C6, B2"
Social Sciences,Psychology,159,38.88,False,0,"C6, C2, B3, C2, C1"
Engineering,Industrial Engineering,275,61.38,True,1,"B2, B1, B2, C2, C5"
Law,Jurisprudence and International Law,349,68.62,False,0,"C2, A1, C6, C1, B3"
Science,Microbiology,336,69.0,True,1,"C5, B1, C3, B1, B2"
Engineering,Aeronautical and Astronautical Engineering,367,81.88,True,1,"B2, C2, B2, A1, B1"
Social Sciences,Criminology,332,58.5,False,0,"C1, C2, B3, C4, C6"
Arts,English Language,358,69.75,False,0,"C2, C6, A1, C3, B1"
Clinical Science,Nursing,323,64.38,False,0,"B2, C6, B1, C5, B1"
Arts,English Language,146,35.25,False,0,"C5, C3, C6, B1, C1"
Social Sciences,Transport Planning,319,66.88,True,1,"C5, B2, C3, B1, B1"
Law,Islamic Law,325,53.62,False,0,"C6, C6, C5, C2, B1"
Social Sciences,Transport Planning,191,57.88,True,0,"B2, A1, C2, A1, C3"
Arts,Creative Arts: Visual,362,75.25,True,1,"C1, B1, A1, C4, C1"
Management Sciences,Marketing,269,57.62,True,1,"C3, B3, C2, C5, A1"
Engineering,Industrial Engineering,306,57.25,True,1,"B2, C5, C3, C4, B3"
Clinical Science,Dentistry,386,87.25,True,1,"C3, A1, A1, B3, A1"
Arts,Philosophy,199,39.88,True,0,"C5, C5, C1, C3, C1"
Science,Physics,131,36.38,True,0,"C1, C3, C3, C3, B3"
Law,Jurisprudence and International Law,155,56.38,True,0,"C5, A1, A1, B1, B1"
Science,Chemistry,296,57.0,True,1,"C5, B2, C2, C5, B2"
Engineering,Industrial Engineering,303,66.88,True,1,"C2, C1, B2, B2, B3"
Social Sciences,Geography and Planning,341,65.62,True,1,"C5, C1, C1, C1, B2"
Clinical Science,Medicine and Surgery,283,71.38,True,1,"B1, A1, A1, B2, C5"
Management Sciences,Public Administration,397,80.62,True,1,"C5, B3, A1, A1, C2"
Clinical Science,Nursing,287,60.88,False,0,"B3, C1, A1, C6, C2"
Management Sciences,Accounting,191,38.88,False,0,"B1, C2, C6, C6, C3"
Social Sciences,Public Affairs,322,57.25,True,1,"C2, C1, C3, C5, C2"
Science,Zoology,276,63.5,True,1,"C5, A1, C1, B1, C1"
Engineering,Aeronautical and Astronautical Engineering,155,47.38,True,0,"B1, C5, B3, B1, C1"
Clinical Science,Pharmacology,279,58.88,False,0,"B2, A1, C6, C4, C1"
Clinical Science,Medicine and Surgery,278,50.75,False,0,"B3, C6, C4, B3, C4"
Science,Botany,327,75.88,True,1,"C2, A1, B3, B1, B2"
Management Sciences,Marketing,321,65.12,False,0,"C2, A1, C6, B3, C1"
Clinical Science,Medicine and Surgery,230,46.75,True,0,"C1, C5, C5, B1, C3"
Social Sciences,Sociology,132,26.5,False,0,"B2, C5, C6, C4, C6"
Science,Computer Science,195,48.38,True,0,"B3, C3, B3, B1, C5"
Engineering,Industrial Engineering,153,52.12,True,0,"B1, B1, C1, C1, B2"
Social Sciences,Public Affairs,394,65.25,True,1,"B2, C3, C5, C5, C2"
Clinical Science,Medicine and Surgery,301,49.62,False,0,"C6, C1, C4, C5, C2"
Management Sciences,Accounting,128,27.0,False,0,"C2, C4, C3, C6, C4"
Management Sciences,Industrial Relations,337,63.12,False,0,"A1, C6, B3, C6, C1"
Clinical Science,Pharmacology,267,54.38,True,1,"B3, C2, C1, C4, C2"
Law,Public Law,387,72.38,True,1,"B3, B2, C3, B2, C5"
Arts,Creative Arts: Theatre,350,57.75,False,0,"C5, A1, C6, C4, C5"
Science,Mathematics,365,79.62,True,1,"B2, A1, B2, C2, B3"
Engineering,Electronic and Computer Engineering,328,64.0,True,1,"C3, B3, C3, C1, B3"
Arts,Foreign Languages,148,39.5,True,0,"C1, C5, C4, C3, A1"
Clinical Science,Pharmacology,300,61.5,True,1,"C1, C2, C2, C1, B3"
Clinical Science,Medicine and Surgery,184,45.0,True,0,"B3, C4, C3, B3, C1"
Clinical Science,Dentistry,130,38.25,False,0,"C2, B1, C3, C6, B2"
Clinical Science,Dentistry,366,70.75,True,1,"C5, A1, B2, C4, C1"
Science,Physics,329,58.12,False,0,"C5, C2, C6, B2, C1"
Clinical Science,Nursing,333,71.62,True,1,"B3, C1, B1, C1, B3"
Science,Computer Science,232,53.0,False,0,"B3, B3, B1, C2, C6"
Law,Public Law,249,47.12,False,0,"C5, C1, C3, C6, B2"
Clinical Science,Medicine and Surgery,263,54.88,True,1,"C5, C5, C2, A1, B3"
Engineering,Aeronautical and Astronautical Engineering,367,72.88,False,0,"B3, C6, B1, C3, A1"
Engineering,Chemical and Polymer Engineering,247,56.88,True,1,"C3, B3, B2, C1, C1"
Law,Private and Property Law,210,49.25,True,0,"C2, C3, C1, C2, B2"
Engineering,Civil Engineering,338,72.25,True,1,"A1, A1, C2, C3, C3"
Science,Microbiology,360,67.0,True,1,"C4, C2, B1, B3, C4"
Arts,Linguistics,335,68.88,True,1,"B3, C2, B3, B1, C3"
Science,Botany,341,59.62,False,0,"B3, C5, C6, C3, B2"
Arts,Foreign Languages,380,69.5,True,1,"B3, C2, C4, C4, B1"
Law,Legal Studies,332,59.5,False,0,"B1, C6, C4, C2, C2"
Clinical Science,Pharmacology,262,47.75,False,0,"B1, C4, C6, C3, C4"
Arts,History and International studies,306,60.25,True,1,"C2, B2, B3, C3, C4"
Management Sciences,Marketing,270,55.75,True,1,"C2, C3, C1, C2, B3"
Social Sciences,Social Work,173,41.62,False,0,"C6, A1, C5, C2, C1"
Science,Computer Science,358,74.75,True,1,"B3, B2, C3, B1, B3"
Social Sciences,Public Affairs,164,42.5,False,0,"C3, B2, C1, C6, B2"
Arts,English Literature,214,38.75,False,0,"C4, C2, C6, C4, C2"
Management Sciences,Insurance,316,69.5,False,0,"B2, A1, B2, B3, C6"
Science,Zoology,204,46.5,False,0,"B1, C2, B3, C3, C6"
Law,Private and Property Law,143,40.88,False,0,"B1, C6, C4, B3, B2"
Social Sciences,Psychology,363,62.38,False,0,"B3, C6, C2, B2, C6"
Social Sciences,Social Work,361,67.12,True,1,"C2, C3, B3, C1, C2"
Science,Zoology,134,24.75,False,0,"C4, C6, C2, C4, C6"
Management Sciences,Project Management,162,37.25,False,0,"C6, B3, C1, C3, C3"
Law,Legal Studies,365,51.62,False,0,"B3, C6, C6, C6, C6"
Law,Legal Studies,232,61.0,False,0,"C1, A1, A1, C6, B2"
Management Sciences,Business Administration,365,72.62,False,0,"C1, C6, B3, B3, A1"
Engineering,Mechanical Engineering,127,41.88,True,0,"B2, C1, C4, C1, B2"
Social Sciences,Geography and Planning,277,56.62,True,1,"B3, C5, C1, C4, B1"
Clinical Science,Nursing,254,46.75,True,0,"C2, C5, C4, C1, C3"
Social Sciences,Geography and Planning,362,72.25,True,1,"B3, C3, B1, B1, C4"
Clinical Science,Nursing,245,54.62,False,0,"C6, B3, A1, C5, B2"
Arts,History and International studies,151,49.88,True,0,"B3, A1, C1, B1, C4"
Law,Islamic Law,196,54.5,True,1,"B3, C1, A1, C3, B3"
Science,Chemistry,259,60.38,False,0,"B2, C6, C2, A1, B2"
Arts,Creative Arts: Theatre,259,47.38,False,0,"C5, C1, B3, C3, C6"
Social Sciences,Geography and Planning,192,45.0,False,0,"C1, C6, B3, C6, A1"
Clinical Science,Nursing,216,57.0,True,1,"B2, B2, C4, A1, C2"
Arts,Philosophy,260,56.5,True,1,"C1, C1, B1, C5, C1"
Social Sciences,Criminology,172,31.5,False,0,"C3, C6, C2, C4, C5"
Law,Jurisprudence and International Law,397,76.62,True,1,"B2, B2, B3, C3, C2"
Law,Commercial and Industrial Law,170,38.25,False,0,"C6, B3, C4, C2, C1"
Science,Botany,314,71.25,True,1,"B2, C4, B1, B2, B1"
Management Sciences,Public Administration,246,56.75,True,1,"B1, B3, C3, B2, C4"
Social Sciences,Sociology,131,39.38,False,0,"C2, C4, A1, B2, C6"
Science,Mathematics,191,36.88,False,0,"C5, A1, C6, C6, C4"
Arts,Creative Arts: Music,235,44.38,False,0,"A1, C6, C5, C2, C6"
Science,Microbiology,136,39.0,True,0,"C3, A1, C2, C3, C4"
Arts,English Language,341,65.62,True,1,"B3, C3, C1, C3, B3"
Engineering,Electronic and Computer Engineering,248,59.0,True,1,"C3, B2, A1, C5, B2"
Management Sciences,Accounting,201,51.12,True,1,"B3, C5, A1, B1, C5"
Engineering,Chemical and Polymer Engineering,283,61.38,False,0,"C1, C2, B2, C6, A1"
Clinical Science,Nursing,131,32.38,False,0,"C4, C3, C5, C6, A1"
Engineering,Mechanical Engineering,190,40.75,True,0,"C1, C2, C5, C3, C2"
Arts,Creative Arts: Music,321,55.12,False,0,"C6, B1, C6, B2, C6"
Engineering,Industrial Engineering,291,59.38,False,0,"C1, B3, B3, B3, C6"
Clinical Science,Nursing,237,53.62,True,1,"B3, B3, C4, B1, C4"
Management Sciences,Insurance,314,68.25,True,1,"B1, C4, B3, B1, C1"
Arts,Creative Arts: Music,348,63.5,True,1,"B3, C5, C4, C1, B3"
Arts,Creative Arts: Theatre,236,47.5,False,0,"C1, A1, C5, C6, C4"
Arts,Creative Arts: Music,207,40.88,False,0,"C6, C4, B1, C2, C5"
Engineering,Chemical and Polymer Engineering,277,60.62,True,1,"C5, B1, C2, B1, C1"
Social Sciences,Criminology,373,74.62,True,1,"A1, C5, C2, B3, B2"
Engineering,Civil Engineering,364,74.5,True,1,"C2, C1, B2, A1, C3"
Social Sciences,Psychology,275,65.38,True,1,"A1, C4, A1, C4, B2"
Engineering,Aeronautical and Astronautical Engineering,155,36.38,False,0,"B1, C2, C4, C3, C6"
Science,Zoology,392,66.0,True,1,"C1, C2, C2, C3, C5"
Engineering,Electronic and Computer Engineering,361,68.12,True,1,"C5, A1, B2, C5, C2"
Law,Commercial and Industrial Law,223,53.88,True,1,"C4, B3, C2, A1, C2"
Science,Physics,194,42.25,False,0,"C6, C6, B3, C4, A1"
Clinical Science,Nursing,157,25.62,False,0,"C3, C6, C5, C5, C5"
Law,Legal Studies,264,60.0,True,1,"C1, A1, C1, C1, C4"
Social Sciences,Sociology,190,41.75,False,0,"B1, C6, C3, B2, C6"
Engineering,Electronic and Computer Engineering,274,72.25,True,1,"C2, A1, B3, B1, A1"
Clinical Science,Dentistry,367,66.88,False,0,"C3, C2, C2, A1, C6"
Arts,Foreign Languages,181,37.62,False,0,"C1, C5, C6, B2, C4"
Law,Jurisprudence and International Law,387,56.38,False,0,"C4, C6, C6, C6, B3"
Engineering,Aeronautical and Astronautical Engineering,367,68.88,True,1,"C2, B3, C2, C3, B3"
Law,Jurisprudence and International Law,228,49.5,False,0,"C1, C6, B3, B1, C4"
Science,Zoology,353,64.12,False,0,"C1, C6, C2, C2, B2"
Clinical Science,Nursing,148,36.5,True,0,"C5, B3, C3, C3, C1"
Management Sciences,Marketing,250,54.25,True,1,"A1, C4, C3, B2, C5"
Science,Chemistry,386,71.25,True,1,"B3, C5, B3, C3, B2"
Engineering,Aeronautical and Astronautical Engineering,194,56.25,True,0,"C1, C3, B3, B1, A1"
Clinical Science,Dentistry,143,50.88,True,0,"B3, C2, A1, B2, B3"
Clinical Science,Medicine and Surgery,145,42.12,True,0,"B2, C3, C3, A1, C5"
Social Sciences,Social Work,382,62.75,False,0,"B3, C6, C5, C4, B3"
Social Sciences,Economics,176,41.0,False,0,"B3, C1, C4, B3, C6"
